Country,iso3,Year,total_outbreaks,unique_diseases
Afghanistan,AFG,2019,1,1
Afghanistan,AFG,2020,1,1
Afghanistan,AFG,2021,1,1
Afghanistan,AFG,2022,3,3
Afghanistan,AFG,2023,2,2
Afghanistan,AFG,2024,2,2
Afghanistan,AFG,2025,1,1
Albania,ALB,2011,1,1
Albania,ALB,2020,1,1
Albania,ALB,2021,1,1
Albania,ALB,2022,1,1
Albania,ALB,2023,1,1
Albania,ALB,2024,1,1
Albania,ALB,2025,1,1
Algeria,DZA,2014,1,1
Algeria,DZA,2018,1,1
Algeria,DZA,2020,1,1
Algeria,DZA,2021,1,1
Algeria,DZA,2022,2,2
Algeria,DZA,2023,1,1
Algeria,DZA,2024,1,1
Algeria,DZA,2025,1,1
American Samoa,ASM,2019,1,1
American Samoa,ASM,2021,1,1
American Samoa,ASM,2022,1,1
American Samoa,ASM,2023,1,1
Andorra,AND,2020,1,1
Andorra,AND,2021,1,1
Andorra,AND,2022,1,1
Andorra,AND,2023,1,1
Angola,AGO,2010,1,1
Angola,AGO,2011,1,1
Angola,AGO,2016,1,1
Angola,AGO,2019,1,1
Angola,AGO,2020,1,1
Angola,AGO,2021,2,2
Angola,AGO,2022,1,1
Angola,AGO,2023,1,1
Angola,AGO,2024,2,2
Angola,AGO,2025,1,1
Anguilla,AIA,2020,1,1
Anguilla,AIA,2021,1,1
Anguilla,AIA,2022,1,1
Anguilla,AIA,2023,1,1
Antigua and Barbuda,ATG,2020,1,1
Antigua and Barbuda,ATG,2021,1,1
Antigua and Barbuda,ATG,2022,1,1
Antigua and Barbuda,ATG,2023,1,1
Antigua and Barbuda,ATG,2024,1,1
Antigua and Barbuda,ATG,2025,1,1
Argentina,ARG,2010,1,1
Argentina,ARG,2016,1,1
Argentina,ARG,2019,1,1
Argentina,ARG,2020,1,1
Argentina,ARG,2021,1,1
Argentina,ARG,2022,4,4
Argentina,ARG,2023,4,4
Argentina,ARG,2024,2,2
Argentina,ARG,2025,2,2
Armenia,ARM,2020,1,1
Armenia,ARM,2021,1,1
Armenia,ARM,2022,1,1
Armenia,ARM,2023,1,1
Armenia,ARM,2024,1,1
Armenia,ARM,2025,1,1
Aruba,ABW,2020,1,1
Aruba,ABW,2021,1,1
Aruba,ABW,2022,1,1
Aruba,ABW,2023,2,2
Aruba,ABW,2024,1,1
Australia,AUS,2010,1,1
Australia,AUS,2018,1,1
Australia,AUS,2019,1,1
Australia,AUS,2020,1,1
Australia,AUS,2021,1,1
Australia,AUS,2022,3,3
Australia,AUS,2023,1,1
Australia,AUS,2024,3,3
Australia,AUS,2025,1,1
Austria,AUT,2011,1,1
Austria,AUT,2014,1,1
Austria,AUT,2016,1,1
Austria,AUT,2017,1,1
Austria,AUT,2020,1,1
Austria,AUT,2021,1,1
Austria,AUT,2022,3,3
Austria,AUT,2023,2,2
Austria,AUT,2024,2,2
Austria,AUT,2025,1,1
Azerbaijan,AZE,2020,1,1
Azerbaijan,AZE,2021,1,1
Azerbaijan,AZE,2022,1,1
Azerbaijan,AZE,2023,1,1
Azerbaijan,AZE,2024,1,1
Azerbaijan,AZE,2025,1,1
Bahamas,BHS,2020,1,1
Bahamas,BHS,2021,1,1
Bahamas,BHS,2022,1,1
Bahamas,BHS,2023,2,2
Bahamas,BHS,2024,2,2
Bahamas,BHS,2025,1,1
Bahrain,BHR,2016,1,1
Bahrain,BHR,2020,1,1
Bahrain,BHR,2021,1,1
Bahrain,BHR,2022,1,1
Bangladesh,BGD,2010,1,1
Bangladesh,BGD,2011,1,1
Bangladesh,BGD,2012,1,1
Bangladesh,BGD,2017,1,1
Bangladesh,BGD,2019,1,1
Bangladesh,BGD,2020,1,1
Bangladesh,BGD,2021,1,1
Bangladesh,BGD,2022,3,3
Bangladesh,BGD,2023,4,4
Bangladesh,BGD,2024,3,3
Bangladesh,BGD,2025,4,4
Barbados,BRB,2016,1,1
Barbados,BRB,2020,1,1
Barbados,BRB,2021,1,1
Barbados,BRB,2022,1,1
Barbados,BRB,2023,2,2
Barbados,BRB,2024,3,3
Barbados,BRB,2025,1,1
Belarus,BLR,2020,1,1
Belarus,BLR,2021,1,1
Belarus,BLR,2022,1,1
Belarus,BLR,2024,1,1
Belarus,BLR,2025,1,1
Belgium,BEL,2017,1,1
Belgium,BEL,2020,1,1
Belgium,BEL,2021,1,1
Belgium,BEL,2022,4,4
Belgium,BEL,2023,1,1
Belgium,BEL,2024,1,1
Belgium,BEL,2025,1,1
Belize,BLZ,2020,1,1
Belize,BLZ,2021,1,1
Belize,BLZ,2022,1,1
Belize,BLZ,2023,2,2
Belize,BLZ,2024,2,2
Belize,BLZ,2025,3,3
Benin,BEN,2012,1,1
Benin,BEN,2013,1,1
Benin,BEN,2016,1,1
Benin,BEN,2017,1,1
Benin,BEN,2019,1,1
Benin,BEN,2020,1,1
Benin,BEN,2021,2,2
Benin,BEN,2022,3,3
Benin,BEN,2023,1,1
Benin,BEN,2024,1,1
Bermuda,BMU,2020,1,1
Bermuda,BMU,2021,1,1
Bermuda,BMU,2022,1,1
Bermuda,BMU,2023,2,2
Bhutan,BTN,2010,1,1
Bhutan,BTN,2020,1,1
Bhutan,BTN,2021,1,1
Bhutan,BTN,2022,1,1
Bhutan,BTN,2023,1,1
Bhutan,BTN,2025,1,1
Bolivia (Plurinational State of),BOL,2010,1,1
Bolivia (Plurinational State of),BOL,2016,1,1
Bolivia (Plurinational State of),BOL,2020,1,1
Bolivia (Plurinational State of),BOL,2021,1,1
Bolivia (Plurinational State of),BOL,2022,1,1
Bolivia (Plurinational State of),BOL,2023,3,3
Bolivia (Plurinational State of),BOL,2024,3,3
Bolivia (Plurinational State of),BOL,2025,4,4
Bonaire Sint Eustatius and Saba,BES,2020,1,1
Bonaire Sint Eustatius and Saba,BES,2021,1,1
Bonaire Sint Eustatius and Saba,BES,2022,1,1
Bonaire Sint Eustatius and Saba,BES,2023,1,1
Bonaire Sint Eustatius and Saba,BES,2024,1,1
Bosnia and Herzegovina,BIH,2015,1,1
Bosnia and Herzegovina,BIH,2020,1,1
Bosnia and Herzegovina,BIH,2021,1,1
Bosnia and Herzegovina,BIH,2022,1,1
Bosnia and Herzegovina,BIH,2023,1,1
Bosnia and Herzegovina,BIH,2024,1,1
Bosnia and Herzegovina,BIH,2025,1,1
Botswana,BWA,2020,1,1
Botswana,BWA,2021,1,1
Botswana,BWA,2022,1,1
Botswana,BWA,2023,1,1
Botswana,BWA,2024,1,1
Brazil,BRA,2010,1,1
Brazil,BRA,2011,1,1
Brazil,BRA,2014,2,2
Brazil,BRA,2015,2,2
Brazil,BRA,2017,1,1
Brazil,BRA,2018,2,2
Brazil,BRA,2019,2,2
Brazil,BRA,2020,2,2
Brazil,BRA,2021,2,2
Brazil,BRA,2022,3,3
Brazil,BRA,2023,4,4
Brazil,BRA,2024,4,4
Brazil,BRA,2025,3,3
Brunei Darussalam,BRN,2020,1,1
Brunei Darussalam,BRN,2021,1,1
Brunei Darussalam,BRN,2022,1,1
Brunei Darussalam,BRN,2023,1,1
Brunei Darussalam,BRN,2024,1,1
Brunei Darussalam,BRN,2025,1,1
Bulgaria,BGR,2020,1,1
Bulgaria,BGR,2021,1,1
Bulgaria,BGR,2022,2,2
Bulgaria,BGR,2023,1,1
Bulgaria,BGR,2024,1,1
Bulgaria,BGR,2025,1,1
Burkina Faso,BFA,2012,1,1
Burkina Faso,BFA,2013,1,1
Burkina Faso,BFA,2016,1,1
Burkina Faso,BFA,2017,2,2
Burkina Faso,BFA,2020,2,2
Burkina Faso,BFA,2021,2,2
Burkina Faso,BFA,2022,2,2
Burkina Faso,BFA,2023,1,1
Burkina Faso,BFA,2024,3,3
Burkina Faso,BFA,2025,1,1
Burundi,BDI,2020,2,2
Burundi,BDI,2021,1,1
Burundi,BDI,2022,2,2
Burundi,BDI,2023,3,3
Burundi,BDI,2024,2,2
Burundi,BDI,2025,1,1
Cabo Verde,CPV,2015,1,1
Cabo Verde,CPV,2020,1,1
Cabo Verde,CPV,2021,1,1
Cabo Verde,CPV,2022,1,1
Cabo Verde,CPV,2023,2,2
Cabo Verde,CPV,2024,1,1
Cambodia,KHM,2010,1,1
Cambodia,KHM,2011,1,1
Cambodia,KHM,2012,3,3
Cambodia,KHM,2013,1,1
Cambodia,KHM,2020,1,1
Cambodia,KHM,2021,1,1
Cambodia,KHM,2022,1,1
Cambodia,KHM,2023,2,2
Cambodia,KHM,2024,3,3
Cambodia,KHM,2025,1,1
Cameroon,CMR,2010,3,3
Cameroon,CMR,2012,1,1
Cameroon,CMR,2013,2,2
Cameroon,CMR,2014,1,1
Cameroon,CMR,2018,2,2
Cameroon,CMR,2019,1,1
Cameroon,CMR,2020,1,1
Cameroon,CMR,2021,4,4
Cameroon,CMR,2022,4,4
Cameroon,CMR,2023,3,3
Cameroon,CMR,2024,2,2
Cameroon,CMR,2025,1,1
Canada,CAN,2011,1,1
Canada,CAN,2014,1,1
Canada,CAN,2015,2,2
Canada,CAN,2020,1,1
Canada,CAN,2021,1,1
Canada,CAN,2022,3,3
Canada,CAN,2023,1,1
Canada,CAN,2024,2,2
Canada,CAN,2025,2,2
Cayman Islands,CYM,2020,1,1
Cayman Islands,CYM,2021,1,1
Cayman Islands,CYM,2022,1,1
Cayman Islands,CYM,2023,1,1
Cayman Islands,CYM,2024,2,2
Central African Republic,CAF,2012,1,1
Central African Republic,CAF,2016,1,1
Central African Republic,CAF,2019,1,1
Central African Republic,CAF,2020,2,2
Central African Republic,CAF,2021,3,3
Central African Republic,CAF,2022,3,3
Central African Republic,CAF,2023,2,2
Central African Republic,CAF,2024,2,2
Central African Republic,CAF,2025,1,1
Chad,TCD,2010,3,3
Chad,TCD,2011,2,2
Chad,TCD,2012,1,1
Chad,TCD,2013,1,1
Chad,TCD,2017,1,1
Chad,TCD,2019,2,2
Chad,TCD,2020,2,2
Chad,TCD,2021,3,3
Chad,TCD,2022,3,3
Chad,TCD,2023,3,3
Chad,TCD,2024,3,3
Chad,TCD,2025,1,1
Chile,CHL,2010,1,1
Chile,CHL,2011,1,1
Chile,CHL,2015,1,1
Chile,CHL,2016,1,1
Chile,CHL,2020,2,2
Chile,CHL,2021,1,1
Chile,CHL,2022,1,1
Chile,CHL,2023,3,3
Chile,CHL,2024,2,2
Chile,CHL,2025,2,2
China,CHN,2010,1,1
China,CHN,2011,1,1
China,CHN,2012,1,1
China,CHN,2013,1,1
China,CHN,2014,1,1
China,CHN,2015,2,2
China,CHN,2016,3,3
China,CHN,2017,1,1
China,CHN,2018,1,1
China,CHN,2019,1,1
China,CHN,2020,2,2
China,CHN,2021,2,2
China,CHN,2022,3,3
China,CHN,2023,6,6
China,CHN,2024,3,3
China,CHN,2025,6,6
Colombia,COL,2010,1,1
Colombia,COL,2011,1,1
Colombia,COL,2015,1,1
Colombia,COL,2019,1,1
Colombia,COL,2020,1,1
Colombia,COL,2021,1,1
Colombia,COL,2022,2,2
Colombia,COL,2023,2,2
Colombia,COL,2024,3,3
Colombia,COL,2025,3,3
Comoros,COM,2020,1,1
Comoros,COM,2021,1,1
Comoros,COM,2022,1,1
Comoros,COM,2023,1,1
Comoros,COM,2025,1,1
Congo,COG,2010,2,2
Congo,COG,2012,1,1
Congo,COG,2018,1,1
Congo,COG,2019,1,1
Congo,COG,2020,1,1
Congo,COG,2021,3,3
Congo,COG,2022,3,3
Congo,COG,2023,6,6
Congo,COG,2024,2,2
Congo,COG,2025,1,1
Congo Democratic Republic of the,COD,2010,2,2
Congo Democratic Republic of the,COD,2011,2,2
Congo Democratic Republic of the,COD,2012,2,2
Congo Democratic Republic of the,COD,2013,1,1
Congo Democratic Republic of the,COD,2014,2,2
Congo Democratic Republic of the,COD,2015,1,1
Congo Democratic Republic of the,COD,2016,1,1
Congo Democratic Republic of the,COD,2017,2,2
Congo Democratic Republic of the,COD,2018,3,3
Congo Democratic Republic of the,COD,2019,3,3
Congo Democratic Republic of the,COD,2020,4,4
Congo Democratic Republic of the,COD,2021,5,5
Congo Democratic Republic of the,COD,2022,5,5
Congo Democratic Republic of the,COD,2023,4,4
Congo Democratic Republic of the,COD,2024,10,10
Congo Democratic Republic of the,COD,2025,3,3
Cook Islands,COK,2022,1,1
Cook Islands,COK,2023,1,1
Cook Islands,COK,2024,1,1
Costa Rica,CRI,2010,1,1
Costa Rica,CRI,2016,1,1
Costa Rica,CRI,2020,1,1
Costa Rica,CRI,2021,1,1
Costa Rica,CRI,2022,3,3
Costa Rica,CRI,2023,2,2
Costa Rica,CRI,2024,2,2
Costa Rica,CRI,2025,2,2
Croatia,HRV,2015,1,1
Croatia,HRV,2020,1,1
Croatia,HRV,2021,1,1
Croatia,HRV,2022,1,1
Croatia,HRV,2023,2,2
Croatia,HRV,2024,1,1
Croatia,HRV,2025,1,1
Cuba,CUB,2010,1,1
Cuba,CUB,2016,1,1
Cuba,CUB,2020,1,1
Cuba,CUB,2021,1,1
Cuba,CUB,2022,1,1
Cuba,CUB,2023,1,1
Cuba,CUB,2024,3,3
Cuba,CUB,2025,1,1
CuraÃ§ao,CUW,2016,1,1
CuraÃ§ao,CUW,2020,1,1
CuraÃ§ao,CUW,2021,1,1
CuraÃ§ao,CUW,2022,1,1
CuraÃ§ao,CUW,2023,1,1
CuraÃ§ao,CUW,2024,1,1
Cyprus,CYP,2010,1,1
Cyprus,CYP,2020,1,1
Cyprus,CYP,2021,1,1
Cyprus,CYP,2022,2,2
Cyprus,CYP,2023,1,1
Cyprus,CYP,2024,1,1
Cyprus,CYP,2025,1,1
Czechia,CZE,2020,1,1
Czechia,CZE,2021,1,1
Czechia,CZE,2022,2,2
Czechia,CZE,2023,1,1
Czechia,CZE,2024,1,1
Czechia,CZE,2025,1,1
CÃ´te d'Ivoire,CIV,2010,1,1
CÃ´te d'Ivoire,CIV,2011,2,2
CÃ´te d'Ivoire,CIV,2012,1,1
CÃ´te d'Ivoire,CIV,2017,1,1
CÃ´te d'Ivoire,CIV,2019,1,1
CÃ´te d'Ivoire,CIV,2020,1,1
CÃ´te d'Ivoire,CIV,2021,3,3
CÃ´te d'Ivoire,CIV,2022,2,2
CÃ´te d'Ivoire,CIV,2023,3,3
CÃ´te d'Ivoire,CIV,2024,4,4
CÃ´te d'Ivoire,CIV,2025,2,2
Denmark,DNK,2011,1,1
Denmark,DNK,2017,1,1
Denmark,DNK,2020,1,1
Denmark,DNK,2021,1,1
Denmark,DNK,2022,4,4
Denmark,DNK,2023,1,1
Denmark,DNK,2024,2,2
Denmark,DNK,2025,1,1
Djibouti,DJI,2020,1,1
Djibouti,DJI,2021,1,1
Djibouti,DJI,2022,1,1
Dominica,DMA,2016,1,1
Dominica,DMA,2020,1,1
Dominica,DMA,2021,1,1
Dominica,DMA,2022,1,1
Dominica,DMA,2023,2,2
Dominican Republic,DOM,2010,1,1
Dominican Republic,DOM,2016,1,1
Dominican Republic,DOM,2020,1,1
Dominican Republic,DOM,2021,1,1
Dominican Republic,DOM,2022,1,1
Dominican Republic,DOM,2023,3,3
Dominican Republic,DOM,2024,1,1
Ecuador,ECU,2011,1,1
Ecuador,ECU,2016,1,1
Ecuador,ECU,2020,1,1
Ecuador,ECU,2021,1,1
Ecuador,ECU,2022,1,1
Ecuador,ECU,2023,3,3
Ecuador,ECU,2024,3,3
Ecuador,ECU,2025,3,3
Egypt,EGY,2010,1,1
Egypt,EGY,2011,1,1
Egypt,EGY,2012,1,1
Egypt,EGY,2014,1,1
Egypt,EGY,2015,1,1
Egypt,EGY,2020,1,1
Egypt,EGY,2021,1,1
Egypt,EGY,2022,1,1
Egypt,EGY,2023,1,1
El Salvador,SLV,2010,1,1
El Salvador,SLV,2015,1,1
El Salvador,SLV,2020,1,1
El Salvador,SLV,2021,1,1
El Salvador,SLV,2022,1,1
El Salvador,SLV,2023,2,2
El Salvador,SLV,2024,2,2
El Salvador,SLV,2025,1,1
Equatorial Guinea,GNQ,2014,1,1
Equatorial Guinea,GNQ,2020,1,1
Equatorial Guinea,GNQ,2021,1,1
Equatorial Guinea,GNQ,2022,1,1
Equatorial Guinea,GNQ,2023,2,2
Eritrea,ERI,2020,1,1
Eritrea,ERI,2021,1,1
Eritrea,ERI,2022,1,1
Eritrea,ERI,2024,1,1
Estonia,EST,2020,1,1
Estonia,EST,2021,1,1
Estonia,EST,2022,1,1
Estonia,EST,2023,1,1
Estonia,EST,2024,1,1
Estonia,EST,2025,1,1
Eswatini,SWZ,2020,1,1
Eswatini,SWZ,2021,1,1
Eswatini,SWZ,2022,1,1
Eswatini,SWZ,2023,1,1
Eswatini,SWZ,2024,1,1
Ethiopia,ETH,2011,1,1
Ethiopia,ETH,2013,1,1
Ethiopia,ETH,2019,1,1
Ethiopia,ETH,2020,3,3
Ethiopia,ETH,2021,2,2
Ethiopia,ETH,2022,2,2
Ethiopia,ETH,2023,4,4
Ethiopia,ETH,2024,3,3
Ethiopia,ETH,2025,2,2
Falkland Islands (Malvinas),FLK,2020,1,1
Falkland Islands (Malvinas),FLK,2021,1,1
Falkland Islands (Malvinas),FLK,2022,1,1
Faroe Islands,FRO,2020,1,1
Faroe Islands,FRO,2021,1,1
Faroe Islands,FRO,2022,1,1
Fiji,FJI,2019,1,1
Fiji,FJI,2020,1,1
Fiji,FJI,2021,1,1
Fiji,FJI,2022,1,1
Fiji,FJI,2023,1,1
Fiji,FJI,2024,1,1
Finland,FIN,2017,1,1
Finland,FIN,2020,1,1
Finland,FIN,2021,1,1
Finland,FIN,2022,2,2
Finland,FIN,2023,1,1
Finland,FIN,2024,1,1
Finland,FIN,2025,1,1
France,FRA,2011,2,2
France,FRA,2013,1,1
France,FRA,2014,1,1
France,FRA,2016,1,1
France,FRA,2017,4,4
France,FRA,2018,1,1
France,FRA,2019,3,3
France,FRA,2020,1,1
France,FRA,2021,1,1
France,FRA,2022,6,6
France,FRA,2023,3,3
France,FRA,2024,2,2
France,FRA,2025,2,2
French Guiana,GUF,2020,5,5
French Guiana,GUF,2021,1,1
French Guiana,GUF,2022,2,2
French Guiana,GUF,2023,2,2
French Guiana,GUF,2024,1,1
French Polynesia,PYF,2020,1,1
French Polynesia,PYF,2021,1,1
French Polynesia,PYF,2022,1,1
French Polynesia,PYF,2023,1,1
French Polynesia,PYF,2024,2,2
Gabon,GAB,2020,2,2
Gabon,GAB,2021,1,1
Gabon,GAB,2022,1,1
Gabon,GAB,2023,1,1
Gabon,GAB,2024,1,1
Gabon,GAB,2025,1,1
Gambia,GMB,2012,1,1
Gambia,GMB,2018,1,1
Gambia,GMB,2020,1,1
Gambia,GMB,2021,1,1
Gambia,GMB,2022,1,1
Gambia,GMB,2023,1,1
Gambia,GMB,2024,1,1
Georgia,GEO,2015,1,1
Georgia,GEO,2019,1,1
Georgia,GEO,2020,1,1
Georgia,GEO,2021,1,1
Georgia,GEO,2022,2,2
Georgia,GEO,2023,1,1
Georgia,GEO,2024,1,1
Georgia,GEO,2025,1,1
Germany,DEU,2011,2,2
Germany,DEU,2013,1,1
Germany,DEU,2015,2,2
Germany,DEU,2016,1,1
Germany,DEU,2017,1,1
Germany,DEU,2020,1,1
Germany,DEU,2021,1,1
Germany,DEU,2022,4,4
Germany,DEU,2023,2,2
Germany,DEU,2024,2,2
Germany,DEU,2025,1,1
Ghana,GHA,2010,1,1
Ghana,GHA,2012,2,2
Ghana,GHA,2019,1,1
Ghana,GHA,2020,1,1
Ghana,GHA,2021,3,3
Ghana,GHA,2022,4,4
Ghana,GHA,2023,2,2
Ghana,GHA,2024,3,3
Ghana,GHA,2025,2,2
Gibraltar,GIB,2020,1,1
Gibraltar,GIB,2021,1,1
Gibraltar,GIB,2022,2,2
Gibraltar,GIB,2023,1,1
Greece,GRC,2011,1,1
Greece,GRC,2014,1,1
Greece,GRC,2019,1,1
Greece,GRC,2020,1,1
Greece,GRC,2021,1,1
Greece,GRC,2022,3,3
Greece,GRC,2023,1,1
Greece,GRC,2024,1,1
Greece,GRC,2025,1,1
Greenland,GRL,2020,1,1
Greenland,GRL,2021,1,1
Greenland,GRL,2022,1,1
Grenada,GRD,2020,1,1
Grenada,GRD,2021,1,1
Grenada,GRD,2022,1,1
Grenada,GRD,2023,2,2
Grenada,GRD,2024,1,1
Grenada,GRD,2025,1,1
Guadeloupe,GLP,2020,2,2
Guadeloupe,GLP,2021,1,1
Guadeloupe,GLP,2022,1,1
Guadeloupe,GLP,2023,2,2
Guadeloupe,GLP,2024,1,1
Guam,GUM,2020,1,1
Guam,GUM,2021,1,1
Guam,GUM,2022,1,1
Guam,GUM,2023,1,1
Guatemala,GTM,2010,1,1
Guatemala,GTM,2015,1,1
Guatemala,GTM,2020,1,1
Guatemala,GTM,2021,1,1
Guatemala,GTM,2022,1,1
Guatemala,GTM,2023,2,2
Guatemala,GTM,2024,2,2
Guatemala,GTM,2025,1,1
Guernsey,GGY,2020,1,1
Guernsey,GGY,2021,1,1
Guernsey,GGY,2022,1,1
Guernsey,GGY,2023,1,1
Guinea,GIN,2010,2,2
Guinea,GIN,2013,1,1
Guinea,GIN,2014,1,1
Guinea,GIN,2019,1,1
Guinea,GIN,2020,2,2
Guinea,GIN,2021,4,4
Guinea,GIN,2022,2,2
Guinea,GIN,2023,2,2
Guinea,GIN,2024,2,2
Guinea,GIN,2025,1,1
Guinea-Bissau,GNB,2020,1,1
Guinea-Bissau,GNB,2021,1,1
Guinea-Bissau,GNB,2022,1,1
Guinea-Bissau,GNB,2023,1,1
Guyana,GUY,2016,1,1
Guyana,GUY,2020,1,1
Guyana,GUY,2021,1,1
Guyana,GUY,2022,1,1
Guyana,GUY,2023,2,2
Guyana,GUY,2024,3,3
Guyana,GUY,2025,1,1
Haiti,HTI,2010,1,1
Haiti,HTI,2016,1,1
Haiti,HTI,2020,1,1
Haiti,HTI,2021,1,1
Haiti,HTI,2022,2,2
Haiti,HTI,2023,2,2
Haiti,HTI,2024,1,1
Haiti,HTI,2025,3,3
Holy See,VAT,2020,1,1
Honduras,HND,2010,1,1
Honduras,HND,2015,1,1
Honduras,HND,2020,1,1
Honduras,HND,2021,1,1
Honduras,HND,2022,1,1
Honduras,HND,2023,2,2
Honduras,HND,2024,2,2
Honduras,HND,2025,1,1
Hong Kong,HKG,2010,1,1
Hong Kong,HKG,2012,1,1
Hong Kong,HKG,2019,1,1
Hungary,HUN,2020,1,1
Hungary,HUN,2021,1,1
Hungary,HUN,2022,2,2
Hungary,HUN,2023,1,1
Hungary,HUN,2024,1,1
Hungary,HUN,2025,1,1
Iceland,ISL,2020,1,1
Iceland,ISL,2021,1,1
Iceland,ISL,2022,2,2
Iceland,ISL,2023,1,1
Iceland,ISL,2024,1,1
Iceland,ISL,2025,1,1
India,IND,2010,1,1
India,IND,2017,1,1
India,IND,2018,1,1
India,IND,2020,1,1
India,IND,2021,4,4
India,IND,2022,2,2
India,IND,2023,2,2
India,IND,2024,3,3
India,IND,2025,5,5
Indonesia,IDN,2010,1,1
Indonesia,IDN,2011,1,1
Indonesia,IDN,2012,1,1
Indonesia,IDN,2019,1,1
Indonesia,IDN,2020,1,1
Indonesia,IDN,2021,1,1
Indonesia,IDN,2022,3,3
Indonesia,IDN,2023,3,3
Indonesia,IDN,2024,2,2
Indonesia,IDN,2025,2,2
Iran (Islamic Republic of),IRN,2014,1,1
Iran (Islamic Republic of),IRN,2015,1,1
Iran (Islamic Republic of),IRN,2019,1,1
Iran (Islamic Republic of),IRN,2020,1,1
Iran (Islamic Republic of),IRN,2021,1,1
Iran (Islamic Republic of),IRN,2022,2,2
Iran (Islamic Republic of),IRN,2023,1,1
Iran (Islamic Republic of),IRN,2024,2,2
Iraq,IRQ,2015,1,1
Iraq,IRQ,2019,1,1
Iraq,IRQ,2020,1,1
Iraq,IRQ,2021,1,1
Iraq,IRQ,2022,3,3
Iraq,IRQ,2023,1,1
Ireland,IRL,2017,1,1
Ireland,IRL,2020,1,1
Ireland,IRL,2021,1,1
Ireland,IRL,2022,5,5
Ireland,IRL,2023,1,1
Ireland,IRL,2024,1,1
Ireland,IRL,2025,1,1
Isle of Man,IMN,2020,1,1
Isle of Man,IMN,2021,1,1
Isle of Man,IMN,2022,1,1
Israel,ISR,2011,1,1
Israel,ISR,2013,1,1
Israel,ISR,2019,1,1
Israel,ISR,2020,1,1
Israel,ISR,2021,1,1
Israel,ISR,2022,4,4
Israel,ISR,2023,1,1
Israel,ISR,2025,1,1
Italy,ITA,2010,1,1
Italy,ITA,2013,1,1
Italy,ITA,2015,2,2
Italy,ITA,2017,2,2
Italy,ITA,2020,1,1
Italy,ITA,2021,1,1
Italy,ITA,2022,3,3
Italy,ITA,2023,2,2
Italy,ITA,2024,1,1
Italy,ITA,2025,2,2
Jamaica,JAM,2010,1,1
Jamaica,JAM,2016,1,1
Jamaica,JAM,2019,1,1
Jamaica,JAM,2020,1,1
Jamaica,JAM,2021,1,1
Jamaica,JAM,2022,1,1
Jamaica,JAM,2023,2,2
Jamaica,JAM,2024,2,2
Jamaica,JAM,2025,1,1
Japan,JPN,2018,1,1
Japan,JPN,2019,1,1
Japan,JPN,2020,1,1
Japan,JPN,2021,1,1
Japan,JPN,2022,2,2
Japan,JPN,2023,1,1
Japan,JPN,2025,1,1
Jersey,JEY,2020,1,1
Jersey,JEY,2021,1,1
Jersey,JEY,2022,1,1
Jersey,JEY,2023,1,1
Jordan,JOR,2013,1,1
Jordan,JOR,2014,1,1
Jordan,JOR,2015,1,1
Jordan,JOR,2020,1,1
Jordan,JOR,2021,1,1
Jordan,JOR,2022,1,1
Kazakhstan,KAZ,2015,1,1
Kazakhstan,KAZ,2019,1,1
Kazakhstan,KAZ,2020,1,1
Kazakhstan,KAZ,2021,1,1
Kazakhstan,KAZ,2022,1,1
Kazakhstan,KAZ,2023,1,1
Kazakhstan,KAZ,2024,1,1
Kenya,KEN,2010,1,1
Kenya,KEN,2013,1,1
Kenya,KEN,2016,2,2
Kenya,KEN,2017,1,1
Kenya,KEN,2018,3,3
Kenya,KEN,2019,1,1
Kenya,KEN,2020,1,1
Kenya,KEN,2021,3,3
Kenya,KEN,2022,3,3
Kenya,KEN,2023,4,4
Kenya,KEN,2024,3,3
Kenya,KEN,2025,3,3
Kiribati,KIR,2022,1,1
Kiribati,KIR,2023,1,1
Korea Republic of,KOR,2010,1,1
Korea Republic of,KOR,2015,2,2
Korea Republic of,KOR,2018,1,1
Korea Republic of,KOR,2019,1,1
Korea Republic of,KOR,2020,1,1
Korea Republic of,KOR,2021,1,1
Korea Republic of,KOR,2022,3,3
Korea Republic of,KOR,2023,1,1
Korea Republic of,KOR,2025,1,1
Kuwait,KWT,2013,1,1
Kuwait,KWT,2015,1,1
Kuwait,KWT,2020,1,1
Kuwait,KWT,2021,1,1
Kuwait,KWT,2022,1,1
Kuwait,KWT,2023,1,1
Kuwait,KWT,2024,1,1
Kyrgyzstan,KGZ,2011,1,1
Kyrgyzstan,KGZ,2015,1,1
Kyrgyzstan,KGZ,2019,1,1
Kyrgyzstan,KGZ,2021,1,1
Kyrgyzstan,KGZ,2022,1,1
Kyrgyzstan,KGZ,2023,1,1
Kyrgyzstan,KGZ,2024,1,1
Lao People's Democratic Republic,LAO,2015,1,1
Lao People's Democratic Republic,LAO,2016,1,1
Lao People's Democratic Republic,LAO,2020,2,2
Lao People's Democratic Republic,LAO,2021,1,1
Lao People's Democratic Republic,LAO,2022,1,1
Lao People's Democratic Republic,LAO,2023,1,1
Lao People's Democratic Republic,LAO,2024,2,2
Latvia,LVA,2020,1,1
Latvia,LVA,2021,1,1
Latvia,LVA,2022,3,3
Latvia,LVA,2023,1,1
Latvia,LVA,2024,1,1
Latvia,LVA,2025,1,1
Lebanon,LBN,2014,1,1
Lebanon,LBN,2017,1,1
Lebanon,LBN,2019,1,1
Lebanon,LBN,2020,1,1
Lebanon,LBN,2021,1,1
Lebanon,LBN,2022,3,3
Lebanon,LBN,2023,2,2
Lesotho,LSO,2020,1,1
Lesotho,LSO,2021,1,1
Lesotho,LSO,2022,1,1
Lesotho,LSO,2023,1,1
Lesotho,LSO,2025,1,1
Liberia,LBR,2014,1,1
Liberia,LBR,2016,1,1
Liberia,LBR,2017,2,2
Liberia,LBR,2018,1,1
Liberia,LBR,2020,1,1
Liberia,LBR,2021,2,2
Liberia,LBR,2022,1,1
Liberia,LBR,2024,2,2
Libya,LBY,2020,1,1
Libya,LBY,2021,1,1
Libya,LBY,2022,1,1
Libya,LBY,2023,1,1
Liechtenstein,LIE,2020,1,1
Liechtenstein,LIE,2021,1,1
Liechtenstein,LIE,2022,1,1
Liechtenstein,LIE,2023,1,1
Liechtenstein,LIE,2024,1,1
Liechtenstein,LIE,2025,1,1
Lithuania,LTU,2020,1,1
Lithuania,LTU,2021,1,1
Lithuania,LTU,2022,1,1
Lithuania,LTU,2023,1,1
Lithuania,LTU,2024,1,1
Lithuania,LTU,2025,1,1
Luxembourg,LUX,2020,1,1
Luxembourg,LUX,2021,1,1
Luxembourg,LUX,2022,3,3
Luxembourg,LUX,2023,1,1
Luxembourg,LUX,2024,1,1
Luxembourg,LUX,2025,1,1
Macao,MAC,2019,1,1
Madagascar,MDG,2014,2,2
Madagascar,MDG,2015,2,2
Madagascar,MDG,2017,1,1
Madagascar,MDG,2019,1,1
Madagascar,MDG,2020,1,1
Madagascar,MDG,2021,2,2
Madagascar,MDG,2022,1,1
Madagascar,MDG,2023,1,1
Madagascar,MDG,2024,1,1
Madagascar,MDG,2025,1,1
Malawi,MWI,2020,1,1
Malawi,MWI,2021,1,1
Malawi,MWI,2022,3,3
Malawi,MWI,2023,2,2
Malawi,MWI,2025,1,1
Malaysia,MYS,2010,1,1
Malaysia,MYS,2014,1,1
Malaysia,MYS,2018,1,1
Malaysia,MYS,2019,1,1
Malaysia,MYS,2020,1,1
Malaysia,MYS,2021,1,1
Malaysia,MYS,2022,1,1
Malaysia,MYS,2023,1,1
Malaysia,MYS,2024,2,2
Malaysia,MYS,2025,1,1
Maldives,MDV,2016,1,1
Maldives,MDV,2020,1,1
Maldives,MDV,2021,1,1
Maldives,MDV,2022,2,2
Maldives,MDV,2023,2,2
Maldives,MDV,2024,1,1
Mali,MLI,2010,1,1
Mali,MLI,2012,1,1
Mali,MLI,2014,1,1
Mali,MLI,2019,1,1
Mali,MLI,2020,1,1
Mali,MLI,2021,2,2
Mali,MLI,2022,1,1
Mali,MLI,2023,1,1
Mali,MLI,2024,2,2
Mali,MLI,2025,1,1
Malta,MLT,2020,1,1
Malta,MLT,2021,1,1
Malta,MLT,2022,2,2
Malta,MLT,2023,1,1
Malta,MLT,2024,1,1
Malta,MLT,2025,1,1
Marshall Islands,MHL,2020,1,1
Marshall Islands,MHL,2022,1,1
Marshall Islands,MHL,2023,1,1
Marshall Islands,MHL,2024,1,1
Martinique,MTQ,2020,2,2
Martinique,MTQ,2021,1,1
Martinique,MTQ,2022,1,1
Martinique,MTQ,2023,2,2
Martinique,MTQ,2024,1,1
Mauritania,MRT,2010,1,1
Mauritania,MRT,2012,1,1
Mauritania,MRT,2020,2,2
Mauritania,MRT,2021,1,1
Mauritania,MRT,2022,2,2
Mauritania,MRT,2023,2,2
Mauritania,MRT,2024,2,2
Mauritania,MRT,2025,1,1
Mauritius,MUS,2020,1,1
Mauritius,MUS,2021,1,1
Mauritius,MUS,2022,1,1
Mauritius,MUS,2023,2,2
Mauritius,MUS,2024,2,2
Mauritius,MUS,2025,2,2
Mayotte,MYT,2020,2,2
Mayotte,MYT,2021,1,1
Mayotte,MYT,2022,1,1
Mayotte,MYT,2023,1,1
Mayotte,MYT,2024,1,1
Mayotte,MYT,2025,1,1
Mexico,MEX,2010,1,1
Mexico,MEX,2011,1,1
Mexico,MEX,2013,1,1
Mexico,MEX,2015,2,2
Mexico,MEX,2019,1,1
Mexico,MEX,2020,2,2
Mexico,MEX,2021,1,1
Mexico,MEX,2022,3,3
Mexico,MEX,2023,3,3
Mexico,MEX,2024,3,3
Mexico,MEX,2025,3,3
Micronesia (Federated States of),FSM,2022,1,1
Micronesia (Federated States of),FSM,2023,1,1
Micronesia (Federated States of),FSM,2024,2,2
Moldova Republic of,MDA,2020,1,1
Moldova Republic of,MDA,2021,1,1
Moldova Republic of,MDA,2022,2,2
Moldova Republic of,MDA,2023,1,1
Moldova Republic of,MDA,2024,1,1
Moldova Republic of,MDA,2025,1,1
Monaco,MCO,2020,1,1
Monaco,MCO,2021,1,1
Monaco,MCO,2022,1,1
Monaco,MCO,2023,1,1
Mongolia,MNG,2020,1,1
Mongolia,MNG,2021,1,1
Mongolia,MNG,2022,1,1
Mongolia,MNG,2023,1,1
Mongolia,MNG,2024,1,1
Montenegro,MNE,2020,1,1
Montenegro,MNE,2021,1,1
Montenegro,MNE,2022,1,1
Montenegro,MNE,2023,1,1
Montserrat,MSR,2020,1,1
Montserrat,MSR,2021,1,1
Montserrat,MSR,2022,1,1
Montserrat,MSR,2023,1,1
Montserrat,MSR,2024,1,1
Morocco,MAR,2020,1,1
Morocco,MAR,2021,1,1
Morocco,MAR,2022,2,2
Morocco,MAR,2023,1,1
Morocco,MAR,2024,1,1
Morocco,MAR,2025,1,1
Mozambique,MOZ,2018,1,1
Mozambique,MOZ,2019,1,1
Mozambique,MOZ,2020,1,1
Mozambique,MOZ,2021,1,1
Mozambique,MOZ,2022,3,3
Mozambique,MOZ,2023,2,2
Mozambique,MOZ,2024,1,1
Mozambique,MOZ,2025,2,2
Myanmar,MMR,2015,1,1
Myanmar,MMR,2019,2,2
Myanmar,MMR,2020,1,1
Myanmar,MMR,2021,1,1
Myanmar,MMR,2022,1,1
Myanmar,MMR,2023,1,1
Myanmar,MMR,2024,2,2
Myanmar,MMR,2025,2,2
Namibia,NAM,2018,1,1
Namibia,NAM,2025,1,1
Nauru,NRU,2022,1,1
Nauru,NRU,2023,1,1
Nepal,NPL,2020,1,1
Nepal,NPL,2021,1,1
Nepal,NPL,2022,3,3
Nepal,NPL,2023,3,3
Nepal,NPL,2024,1,1
Nepal,NPL,2025,2,2
Netherlands,NLD,2011,1,1
Netherlands,NLD,2014,1,1
Netherlands,NLD,2016,1,1
Netherlands,NLD,2017,1,1
Netherlands,NLD,2018,2,2
Netherlands,NLD,2019,1,1
Netherlands,NLD,2020,1,1
Netherlands,NLD,2021,1,1
Netherlands,NLD,2022,5,5
Netherlands,NLD,2023,2,2
Netherlands,NLD,2024,2,2
Netherlands,NLD,2025,1,1
New Caledonia,NCL,2020,1,1
New Caledonia,NCL,2021,1,1
New Caledonia,NCL,2022,1,1
New Caledonia,NCL,2023,1,1
New Caledonia,NCL,2024,2,2
New Caledonia,NCL,2025,1,1
New Zealand,NZL,2010,1,1
New Zealand,NZL,2019,1,1
New Zealand,NZL,2020,1,1
New Zealand,NZL,2021,1,1
New Zealand,NZL,2022,1,1
New Zealand,NZL,2023,1,1
New Zealand,NZL,2024,1,1
New Zealand,NZL,2025,1,1
Nicaragua,NIC,2010,1,1
Nicaragua,NIC,2016,1,1
Nicaragua,NIC,2020,1,1
Nicaragua,NIC,2021,1,1
Nicaragua,NIC,2022,1,1
Nicaragua,NIC,2023,2,2
Nicaragua,NIC,2024,2,2
Nicaragua,NIC,2025,1,1
Niger,NER,2010,2,2
Niger,NER,2013,1,1
Niger,NER,2015,1,1
Niger,NER,2016,1,1
Niger,NER,2017,1,1
Niger,NER,2018,2,2
Niger,NER,2019,1,1
Niger,NER,2020,1,1
Niger,NER,2021,3,3
Niger,NER,2022,3,3
Niger,NER,2023,3,3
Niger,NER,2024,3,3
Niger,NER,2025,1,1
Nigeria,NGA,2010,2,2
Nigeria,NGA,2011,1,1
Nigeria,NGA,2012,2,2
Nigeria,NGA,2013,1,1
Nigeria,NGA,2014,1,1
Nigeria,NGA,2015,1,1
Nigeria,NGA,2016,2,2
Nigeria,NGA,2017,6,6
Nigeria,NGA,2018,3,3
Nigeria,NGA,2019,4,4
Nigeria,NGA,2020,3,3
Nigeria,NGA,2021,3,3
Nigeria,NGA,2022,5,5
Nigeria,NGA,2023,6,6
Nigeria,NGA,2024,2,2
Nigeria,NGA,2025,2,2
Niue,NIU,2022,1,1
Niue,NIU,2023,1,1
Niue,NIU,2024,1,1
North Macedonia,MKD,2011,1,1
North Macedonia,MKD,2020,1,1
North Macedonia,MKD,2021,1,1
North Macedonia,MKD,2022,1,1
North Macedonia,MKD,2023,1,1
North Macedonia,MKD,2024,1,1
North Macedonia,MKD,2025,1,1
Northern Mariana Islands,MNP,2020,1,1
Northern Mariana Islands,MNP,2021,1,1
Northern Mariana Islands,MNP,2022,1,1
Northern Mariana Islands,MNP,2023,1,1
Northern Mariana Islands,MNP,2024,1,1
Norway,NOR,2011,1,1
Norway,NOR,2017,1,1
Norway,NOR,2020,1,1
Norway,NOR,2021,1,1
Norway,NOR,2022,4,4
Norway,NOR,2023,1,1
Norway,NOR,2024,1,1
Norway,NOR,2025,1,1
Oman,OMN,2013,1,1
Oman,OMN,2015,1,1
Oman,OMN,2016,1,1
Oman,OMN,2017,1,1
Oman,OMN,2018,1,1
Oman,OMN,2019,1,1
Oman,OMN,2020,1,1
Oman,OMN,2021,1,1
Oman,OMN,2022,2,2
Oman,OMN,2023,2,2
Pakistan,PAK,2010,2,2
Pakistan,PAK,2011,1,1
Pakistan,PAK,2016,1,1
Pakistan,PAK,2018,1,1
Pakistan,PAK,2019,4,4
Pakistan,PAK,2020,1,1
Pakistan,PAK,2021,2,2
Pakistan,PAK,2022,5,5
Pakistan,PAK,2023,3,3
Pakistan,PAK,2024,1,1
Pakistan,PAK,2025,2,2
Palau,PLW,2021,1,1
Palau,PLW,2022,1,1
Palau,PLW,2023,1,1
Palau,PLW,2024,2,2
Palestine State of,PSE,2020,2,2
Palestine State of,PSE,2021,1,1
Palestine State of,PSE,2022,2,2
Panama,PAN,2010,1,1
Panama,PAN,2015,1,1
Panama,PAN,2019,1,1
Panama,PAN,2020,1,1
Panama,PAN,2021,1,1
Panama,PAN,2022,2,2
Panama,PAN,2023,2,2
Panama,PAN,2024,3,3
Panama,PAN,2025,2,2
Papua New Guinea,PNG,2016,1,1
Papua New Guinea,PNG,2018,1,1
Papua New Guinea,PNG,2019,1,1
Papua New Guinea,PNG,2020,1,1
Papua New Guinea,PNG,2021,1,1
Papua New Guinea,PNG,2022,1,1
Papua New Guinea,PNG,2023,1,1
Papua New Guinea,PNG,2025,1,1
Paraguay,PRY,2015,1,1
Paraguay,PRY,2020,1,1
Paraguay,PRY,2021,1,1
Paraguay,PRY,2022,1,1
Paraguay,PRY,2023,4,4
Paraguay,PRY,2024,1,1
Paraguay,PRY,2025,1,1
Peru,PER,2010,2,2
Peru,PER,2016,2,2
Peru,PER,2020,1,1
Peru,PER,2021,1,1
Peru,PER,2022,1,1
Peru,PER,2023,4,4
Peru,PER,2024,3,3
Peru,PER,2025,2,2
Philippines,PHL,2010,1,1
Philippines,PHL,2015,1,1
Philippines,PHL,2019,2,2
Philippines,PHL,2020,1,1
Philippines,PHL,2021,1,1
Philippines,PHL,2022,2,2
Philippines,PHL,2023,2,2
Philippines,PHL,2024,1,1
Philippines,PHL,2025,1,1
Pitcairn,PCN,2022,1,1
Poland,POL,2020,1,1
Poland,POL,2021,1,1
Poland,POL,2022,3,3
Poland,POL,2023,3,3
Poland,POL,2024,1,1
Poland,POL,2025,1,1
Portugal,PRT,2012,1,1
Portugal,PRT,2014,1,1
Portugal,PRT,2015,1,1
Portugal,PRT,2017,1,1
Portugal,PRT,2020,1,1
Portugal,PRT,2021,1,1
Portugal,PRT,2022,3,3
Portugal,PRT,2023,1,1
Portugal,PRT,2024,1,1
Portugal,PRT,2025,1,1
Puerto Rico,PRI,2020,1,1
Puerto Rico,PRI,2021,1,1
Puerto Rico,PRI,2022,1,1
Puerto Rico,PRI,2023,2,2
Puerto Rico,PRI,2024,1,1
Qatar,QAT,2013,1,1
Qatar,QAT,2014,1,1
Qatar,QAT,2015,1,1
Qatar,QAT,2016,1,1
Qatar,QAT,2017,1,1
Qatar,QAT,2019,1,1
Qatar,QAT,2020,2,2
Qatar,QAT,2021,1,1
Qatar,QAT,2022,3,3
Qatar,QAT,2023,1,1
Romania,ROU,2011,2,2
Romania,ROU,2020,1,1
Romania,ROU,2021,1,1
Romania,ROU,2022,3,3
Romania,ROU,2023,1,1
Romania,ROU,2024,1,1
Romania,ROU,2025,1,1
Russian Federation,RUS,2010,2,2
Russian Federation,RUS,2011,1,1
Russian Federation,RUS,2015,1,1
Russian Federation,RUS,2019,1,1
Russian Federation,RUS,2020,1,1
Russian Federation,RUS,2021,2,2
Russian Federation,RUS,2022,1,1
Russian Federation,RUS,2023,1,1
Russian Federation,RUS,2024,1,1
Russian Federation,RUS,2025,1,1
Rwanda,RWA,2010,1,1
Rwanda,RWA,2020,1,1
Rwanda,RWA,2021,1,1
Rwanda,RWA,2022,1,1
Rwanda,RWA,2023,1,1
Rwanda,RWA,2024,3,3
Rwanda,RWA,2025,2,2
RÃ©union,REU,2018,1,1
RÃ©union,REU,2019,1,1
RÃ©union,REU,2020,1,1
RÃ©union,REU,2021,1,1
RÃ©union,REU,2022,1,1
RÃ©union,REU,2023,1,1
RÃ©union,REU,2024,1,1
RÃ©union,REU,2025,1,1
Saint BarthÃ©lemy,BLM,2020,2,2
Saint BarthÃ©lemy,BLM,2021,1,1
Saint BarthÃ©lemy,BLM,2022,1,1
Saint BarthÃ©lemy,BLM,2023,2,2
Saint BarthÃ©lemy,BLM,2024,1,1
Saint Helena Ascension and Tristan da Cunha,SHN,2022,1,1
Saint Kitts and Nevis,KNA,2020,1,1
Saint Kitts and Nevis,KNA,2021,1,1
Saint Kitts and Nevis,KNA,2022,1,1
Saint Kitts and Nevis,KNA,2023,2,2
Saint Kitts and Nevis,KNA,2024,1,1
Saint Lucia,LCA,2016,1,1
Saint Lucia,LCA,2020,1,1
Saint Lucia,LCA,2021,1,1
Saint Lucia,LCA,2022,1,1
Saint Lucia,LCA,2023,2,2
Saint Lucia,LCA,2024,2,2
Saint Lucia,LCA,2025,1,1
Saint Martin (French part),MAF,2013,1,1
Saint Martin (French part),MAF,2020,2,2
Saint Martin (French part),MAF,2021,1,1
Saint Martin (French part),MAF,2022,1,1
Saint Martin (French part),MAF,2023,2,2
Saint Martin (French part),MAF,2024,1,1
Saint Pierre and Miquelon,SPM,2020,1,1
Saint Pierre and Miquelon,SPM,2021,1,1
Saint Pierre and Miquelon,SPM,2022,1,1
Saint Pierre and Miquelon,SPM,2023,1,1
Saint Vincent and the Grenadines,VCT,2016,1,1
Saint Vincent and the Grenadines,VCT,2020,1,1
Saint Vincent and the Grenadines,VCT,2021,1,1
Saint Vincent and the Grenadines,VCT,2022,1,1
Saint Vincent and the Grenadines,VCT,2023,2,2
Saint Vincent and the Grenadines,VCT,2024,1,1
Samoa,WSM,2019,1,1
Samoa,WSM,2020,1,1
Samoa,WSM,2021,1,1
Samoa,WSM,2022,1,1
Samoa,WSM,2023,1,1
Samoa,WSM,2024,2,2
San Marino,SMR,2020,1,1
San Marino,SMR,2021,1,1
San Marino,SMR,2022,1,1
San Marino,SMR,2023,1,1
Sao Tome and Principe,STP,2010,1,1
Sao Tome and Principe,STP,2020,1,1
Sao Tome and Principe,STP,2021,1,1
Sao Tome and Principe,STP,2022,2,2
Sao Tome and Principe,STP,2023,2,2
Sao Tome and Principe,STP,2024,2,2
Saudi Arabia,SAU,2013,1,1
Saudi Arabia,SAU,2014,1,1
Saudi Arabia,SAU,2015,1,1
Saudi Arabia,SAU,2016,1,1
Saudi Arabia,SAU,2017,1,1
Saudi Arabia,SAU,2018,1,1
Saudi Arabia,SAU,2019,1,1
Saudi Arabia,SAU,2020,2,2
Saudi Arabia,SAU,2021,2,2
Saudi Arabia,SAU,2022,2,2
Saudi Arabia,SAU,2023,2,2
Saudi Arabia,SAU,2024,1,1
Saudi Arabia,SAU,2025,2,2
Senegal,SEN,2010,2,2
Senegal,SEN,2011,1,1
Senegal,SEN,2014,1,1
Senegal,SEN,2015,1,1
Senegal,SEN,2020,2,2
Senegal,SEN,2021,2,2
Senegal,SEN,2022,1,1
Senegal,SEN,2023,1,1
Senegal,SEN,2024,2,2
Senegal,SEN,2025,2,2
Serbia,SRB,2015,1,1
Serbia,SRB,2019,1,1
Serbia,SRB,2020,1,1
Serbia,SRB,2021,1,1
Serbia,SRB,2022,3,3
Serbia,SRB,2023,1,1
Serbia,SRB,2025,1,1
Seychelles,SYC,2017,1,1
Seychelles,SYC,2020,1,1
Seychelles,SYC,2021,1,1
Seychelles,SYC,2022,1,1
Seychelles,SYC,2023,2,2
Seychelles,SYC,2024,2,2
Sierra Leone,SLE,2011,1,1
Sierra Leone,SLE,2012,1,1
Sierra Leone,SLE,2014,1,1
Sierra Leone,SLE,2020,1,1
Sierra Leone,SLE,2021,2,2
Sierra Leone,SLE,2022,2,2
Sierra Leone,SLE,2023,2,2
Sierra Leone,SLE,2024,1,1
Singapore,SGP,2010,1,1
Singapore,SGP,2019,1,1
Singapore,SGP,2020,1,1
Singapore,SGP,2021,1,1
Singapore,SGP,2022,3,3
Singapore,SGP,2023,1,1
Singapore,SGP,2024,2,2
Singapore,SGP,2025,1,1
Sint Maarten (Dutch part),SXM,2020,1,1
Sint Maarten (Dutch part),SXM,2021,1,1
Sint Maarten (Dutch part),SXM,2022,1,1
Sint Maarten (Dutch part),SXM,2023,2,2
Sint Maarten (Dutch part),SXM,2024,1,1
Slovakia,SVK,2020,1,1
Slovakia,SVK,2021,1,1
Slovakia,SVK,2022,3,3
Slovakia,SVK,2023,1,1
Slovakia,SVK,2024,1,1
Slovakia,SVK,2025,1,1
Slovenia,SVN,2017,1,1
Slovenia,SVN,2020,1,1
Slovenia,SVN,2021,1,1
Slovenia,SVN,2022,3,3
Slovenia,SVN,2023,1,1
Slovenia,SVN,2024,1,1
Slovenia,SVN,2025,1,1
Solomon Islands,SLB,2020,1,1
Solomon Islands,SLB,2021,1,1
Solomon Islands,SLB,2022,1,1
Solomon Islands,SLB,2023,1,1
Solomon Islands,SLB,2024,1,1
Somalia,SOM,2013,1,1
Somalia,SOM,2018,2,2
Somalia,SOM,2019,2,2
Somalia,SOM,2020,1,1
Somalia,SOM,2021,1,1
Somalia,SOM,2022,3,3
Somalia,SOM,2023,2,2
Somalia,SOM,2025,2,2
South Africa,ZAF,2010,2,2
South Africa,ZAF,2018,1,1
South Africa,ZAF,2020,1,1
South Africa,ZAF,2021,1,1
South Africa,ZAF,2022,2,2
South Africa,ZAF,2023,2,2
South Africa,ZAF,2024,2,2
South Africa,ZAF,2025,1,1
South Sudan,SSD,2013,2,2
South Sudan,SSD,2014,1,1
South Sudan,SSD,2016,1,1
South Sudan,SSD,2020,2,2
South Sudan,SSD,2021,3,3
South Sudan,SSD,2022,2,2
South Sudan,SSD,2023,3,3
South Sudan,SSD,2024,2,2
South Sudan,SSD,2025,2,2
Spain,ESP,2013,1,1
Spain,ESP,2014,1,1
Spain,ESP,2015,1,1
Spain,ESP,2017,1,1
Spain,ESP,2019,2,2
Spain,ESP,2020,1,1
Spain,ESP,2021,1,1
Spain,ESP,2022,6,6
Spain,ESP,2023,2,2
Spain,ESP,2024,1,1
Sri Lanka,LKA,2017,1,1
Sri Lanka,LKA,2020,1,1
Sri Lanka,LKA,2021,1,1
Sri Lanka,LKA,2022,1,1
Sri Lanka,LKA,2023,2,2
Sri Lanka,LKA,2024,2,2
Sri Lanka,LKA,2025,1,1
Sudan,SDN,2010,1,1
Sudan,SDN,2012,2,2
Sudan,SDN,2013,1,1
Sudan,SDN,2018,1,1
Sudan,SDN,2019,4,4
Sudan,SDN,2020,2,2
Sudan,SDN,2021,1,1
Sudan,SDN,2022,2,2
Sudan,SDN,2023,3,3
Sudan,SDN,2024,1,1
Sudan,SDN,2025,1,1
Suriname,SUR,2015,1,1
Suriname,SUR,2017,1,1
Suriname,SUR,2020,1,1
Suriname,SUR,2021,1,1
Suriname,SUR,2022,1,1
Suriname,SUR,2023,2,2
Suriname,SUR,2024,2,2
Suriname,SUR,2025,1,1
Sweden,SWE,2011,1,1
Sweden,SWE,2016,1,1
Sweden,SWE,2017,1,1
Sweden,SWE,2020,1,1
Sweden,SWE,2021,1,1
Sweden,SWE,2022,5,5
Sweden,SWE,2023,2,2
Sweden,SWE,2024,3,3
Sweden,SWE,2025,1,1
Switzerland,CHE,2011,1,1
Switzerland,CHE,2020,1,1
Switzerland,CHE,2021,1,1
Switzerland,CHE,2022,2,2
Switzerland,CHE,2023,2,2
Switzerland,CHE,2024,1,1
Switzerland,CHE,2025,1,1
Syrian Arab Republic,SYR,2013,1,1
Syrian Arab Republic,SYR,2014,1,1
Syrian Arab Republic,SYR,2017,1,1
Syrian Arab Republic,SYR,2020,1,1
Syrian Arab Republic,SYR,2021,1,1
Syrian Arab Republic,SYR,2022,2,2
Syrian Arab Republic,SYR,2023,1,1
Tajikistan,TJK,2010,1,1
Tajikistan,TJK,2020,1,1
Tajikistan,TJK,2021,1,1
Tajikistan,TJK,2022,1,1
Tanzania United Republic of,TZA,2010,1,1
Tanzania United Republic of,TZA,2015,1,1
Tanzania United Republic of,TZA,2018,1,1
Tanzania United Republic of,TZA,2019,1,1
Tanzania United Republic of,TZA,2020,1,1
Tanzania United Republic of,TZA,2021,1,1
Tanzania United Republic of,TZA,2022,3,3
Tanzania United Republic of,TZA,2023,3,3
Tanzania United Republic of,TZA,2024,1,1
Tanzania United Republic of,TZA,2025,3,3
Thailand,THA,2010,1,1
Thailand,THA,2015,1,1
Thailand,THA,2016,1,1
Thailand,THA,2020,1,1
Thailand,THA,2021,1,1
Thailand,THA,2022,1,1
Thailand,THA,2023,2,2
Thailand,THA,2024,2,2
Thailand,THA,2025,4,4
Timor-Leste,TLS,2020,1,1
Timor-Leste,TLS,2021,1,1
Timor-Leste,TLS,2022,2,2
Timor-Leste,TLS,2023,1,1
Timor-Leste,TLS,2024,1,1
Timor-Leste,TLS,2025,1,1
Togo,TGO,2016,1,1
Togo,TGO,2017,2,2
Togo,TGO,2019,1,1
Togo,TGO,2020,2,2
Togo,TGO,2021,3,3
Togo,TGO,2022,2,2
Togo,TGO,2023,3,3
Togo,TGO,2024,2,2
Togo,TGO,2025,2,2
Tokelau,TKL,2022,1,1
Tokelau,TKL,2023,1,1
Tokelau,TKL,2024,1,1
Tonga,TON,2019,1,1
Tonga,TON,2021,1,1
Tonga,TON,2022,1,1
Tonga,TON,2023,1,1
Tonga,TON,2024,2,2
Trinidad and Tobago,TTO,2016,1,1
Trinidad and Tobago,TTO,2020,1,1
Trinidad and Tobago,TTO,2021,1,1
Trinidad and Tobago,TTO,2022,1,1
Trinidad and Tobago,TTO,2023,2,2
Trinidad and Tobago,TTO,2024,1,1
Trinidad and Tobago,TTO,2025,1,1
Tunisia,TUN,2013,1,1
Tunisia,TUN,2019,1,1
Tunisia,TUN,2020,1,1
Tunisia,TUN,2021,1,1
Tunisia,TUN,2022,1,1
Tunisia,TUN,2023,1,1
Turkey,TUR,2014,1,1
Turkey,TUR,2019,1,1
Turkey,TUR,2020,1,1
Turkey,TUR,2021,1,1
Turkey,TUR,2022,1,1
Turkey,TUR,2023,2,2
Turkey,TUR,2024,1,1
Turkey,TUR,2025,1,1
Turks and Caicos Islands,TCA,2020,1,1
Turks and Caicos Islands,TCA,2021,1,1
Turks and Caicos Islands,TCA,2022,1,1
Turks and Caicos Islands,TCA,2023,2,2
Turks and Caicos Islands,TCA,2024,2,2
Turks and Caicos Islands,TCA,2025,1,1
Tuvalu,TUV,2022,1,1
Tuvalu,TUV,2023,1,1
Tuvalu,TUV,2024,1,1
Uganda,UGA,2011,2,2
Uganda,UGA,2012,2,2
Uganda,UGA,2014,1,1
Uganda,UGA,2015,1,1
Uganda,UGA,2016,1,1
Uganda,UGA,2017,1,1
Uganda,UGA,2019,1,1
Uganda,UGA,2020,2,2
Uganda,UGA,2021,1,1
Uganda,UGA,2022,3,3
Uganda,UGA,2023,3,3
Uganda,UGA,2024,3,3
Uganda,UGA,2025,3,3
Ukraine,UKR,2015,1,1
Ukraine,UKR,2019,1,1
Ukraine,UKR,2020,1,1
Ukraine,UKR,2021,2,2
Ukraine,UKR,2022,1,1
Ukraine,UKR,2023,1,1
Ukraine,UKR,2024,1,1
Ukraine,UKR,2025,1,1
United Arab Emirates,ARE,2013,1,1
United Arab Emirates,ARE,2014,1,1
United Arab Emirates,ARE,2015,1,1
United Arab Emirates,ARE,2016,1,1
United Arab Emirates,ARE,2017,1,1
United Arab Emirates,ARE,2018,1,1
United Arab Emirates,ARE,2019,1,1
United Arab Emirates,ARE,2020,2,2
United Arab Emirates,ARE,2021,2,2
United Arab Emirates,ARE,2022,2,2
United Arab Emirates,ARE,2023,2,2
United Kingdom of Great Britain and Northern Ireland,GBR,2011,2,2
United Kingdom of Great Britain and Northern Ireland,GBR,2012,1,1
United Kingdom of Great Britain and Northern Ireland,GBR,2013,1,1
United Kingdom of Great Britain and Northern Ireland,GBR,2014,1,1
United Kingdom of Great Britain and Northern Ireland,GBR,2016,1,1
United Kingdom of Great Britain and Northern Ireland,GBR,2017,1,1
United Kingdom of Great Britain and Northern Ireland,GBR,2018,1,1
United Kingdom of Great Britain and Northern Ireland,GBR,2019,1,1
United Kingdom of Great Britain and Northern Ireland,GBR,2020,1,1
United Kingdom of Great Britain and Northern Ireland,GBR,2021,2,2
United Kingdom of Great Britain and Northern Ireland,GBR,2022,10,10
United Kingdom of Great Britain and Northern Ireland,GBR,2023,4,4
United Kingdom of Great Britain and Northern Ireland,GBR,2024,1,1
United Kingdom of Great Britain and Northern Ireland,GBR,2025,1,1
United States of America,USA,2011,2,2
United States of America,USA,2012,1,1
United States of America,USA,2014,3,3
United States of America,USA,2015,2,2
United States of America,USA,2016,4,4
United States of America,USA,2017,2,2
United States of America,USA,2019,1,1
United States of America,USA,2020,1,1
United States of America,USA,2021,3,3
United States of America,USA,2022,5,5
United States of America,USA,2023,3,3
United States of America,USA,2024,3,3
United States of America,USA,2025,2,2
Uruguay,URY,2010,1,1
Uruguay,URY,2016,1,1
Uruguay,URY,2020,1,1
Uruguay,URY,2021,1,1
Uruguay,URY,2022,1,1
Uruguay,URY,2023,2,2
Uruguay,URY,2024,3,3
Uruguay,URY,2025,1,1
Uzbekistan,UZB,2020,1,1
Uzbekistan,UZB,2021,1,1
Uzbekistan,UZB,2022,1,1
Uzbekistan,UZB,2023,1,1
Uzbekistan,UZB,2024,1,1
Uzbekistan,UZB,2025,1,1
Vanuatu,VUT,2020,1,1
Vanuatu,VUT,2021,1,1
Vanuatu,VUT,2022,1,1
Vanuatu,VUT,2023,1,1
Vanuatu,VUT,2024,1,1
Venezuela (Bolivarian Republic of),VEN,2010,1,1
Venezuela (Bolivarian Republic of),VEN,2015,1,1
Venezuela (Bolivarian Republic of),VEN,2019,2,2
Venezuela (Bolivarian Republic of),VEN,2020,1,1
Venezuela (Bolivarian Republic of),VEN,2021,2,2
Venezuela (Bolivarian Republic of),VEN,2022,2,2
Venezuela (Bolivarian Republic of),VEN,2023,2,2
Venezuela (Bolivarian Republic of),VEN,2024,1,1
Venezuela (Bolivarian Republic of),VEN,2025,1,1
Viet Nam,VNM,2010,1,1
Viet Nam,VNM,2012,1,1
Viet Nam,VNM,2016,1,1
Viet Nam,VNM,2019,1,1
Viet Nam,VNM,2020,1,1
Viet Nam,VNM,2021,1,1
Viet Nam,VNM,2022,1,1
Viet Nam,VNM,2023,1,1
Viet Nam,VNM,2024,2,2
Virgin Islands (British),VGB,2020,1,1
Virgin Islands (British),VGB,2021,1,1
Virgin Islands (British),VGB,2022,1,1
Virgin Islands (British),VGB,2023,2,2
Virgin Islands (British),VGB,2024,2,2
Virgin Islands (British),VGB,2025,1,1
Virgin Islands (U.S.),VIR,2020,1,1
Virgin Islands (U.S.),VIR,2021,1,1
Virgin Islands (U.S.),VIR,2022,1,1
Virgin Islands (U.S.),VIR,2023,1,1
Virgin Islands (U.S.),VIR,2024,1,1
Wallis and Futuna,WLF,2020,1,1
Wallis and Futuna,WLF,2021,1,1
Wallis and Futuna,WLF,2022,1,1
Wallis and Futuna,WLF,2023,1,1
Wallis and Futuna,WLF,2024,2,2
Yemen,YEM,2014,1,1
Yemen,YEM,2017,1,1
Yemen,YEM,2019,1,1
Yemen,YEM,2020,1,1
Yemen,YEM,2021,2,2
Yemen,YEM,2022,2,2
Yemen,YEM,2025,1,1
Zambia,ZMB,2011,1,1
Zambia,ZMB,2017,1,1
Zambia,ZMB,2019,1,1
Zambia,ZMB,2020,1,1
Zambia,ZMB,2021,1,1
Zambia,ZMB,2022,2,2
Zambia,ZMB,2023,3,3
Zambia,ZMB,2024,1,1
Zambia,ZMB,2025,1,1
Zimbabwe,ZWE,2018,1,1
Zimbabwe,ZWE,2020,1,1
Zimbabwe,ZWE,2021,1,1
Zimbabwe,ZWE,2022,2,2
Zimbabwe,ZWE,2023,1,1
Zimbabwe,ZWE,2024,1,1
Zimbabwe,ZWE,2025,2,2
